-- MySQL Script generated by MySQL Workbench
-- Wed 04 Nov 2015 11:45:14 AM EST
-- Model: New Model    Version: 1.0
-- MySQL Workbench Forward Engineering

SET @OLD_UNIQUE_CHECKS=@@UNIQUE_CHECKS, UNIQUE_CHECKS=0;
SET @OLD_FOREIGN_KEY_CHECKS=@@FOREIGN_KEY_CHECKS, FOREIGN_KEY_CHECKS=0;
SET @OLD_SQL_MODE=@@SQL_MODE, SQL_MODE='TRADITIONAL,ALLOW_INVALID_DATES';

-- -----------------------------------------------------
-- Schema aas12d
-- -----------------------------------------------------
DROP SCHEMA IF EXISTS `aas12d` ;

-- -----------------------------------------------------
-- Schema aas12d
-- -----------------------------------------------------
CREATE SCHEMA IF NOT EXISTS `aas12d` DEFAULT CHARACTER SET utf8 COLLATE utf8_general_ci ;
SHOW WARNINGS;
USE `aas12d` ;

-- -----------------------------------------------------
-- Table `aas12d`.`customer`
-- -----------------------------------------------------
DROP TABLE IF EXISTS `aas12d`.`customer` ;

SHOW WARNINGS;
CREATE TABLE IF NOT EXISTS `aas12d`.`customer` (
  `cus_id` SMALLINT NOT NULL,
  `cus_fname` VARCHAR(45) NOT NULL,
  `cus_lname` VARCHAR(45) NOT NULL,
  `cus_street` VARCHAR(20) NOT NULL,
  `cus_city` VARCHAR(20) NOT NULL,
  `cus_state` CHAR(2) NOT NULL,
  `cus_zip` INT(9) NOT NULL,
  `cus_phone` BIGINT NOT NULL,
  `cus_email` VARCHAR(45) NOT NULL,
  `cus_url` VARCHAR(45) NULL,
  `cus_balance` DECIMAL(6,2) NOT NULL,
  `cus_total_sales` DECIMAL(6,2) NOT NULL,
  `cus_note` VARCHAR(255) NULL,
  PRIMARY KEY (`cus_id`))
ENGINE = InnoDB;

SHOW WARNINGS;

-- -----------------------------------------------------
-- Table `aas12d`.`store`
-- -----------------------------------------------------
DROP TABLE IF EXISTS `aas12d`.`store` ;

SHOW WARNINGS;
CREATE TABLE IF NOT EXISTS `aas12d`.`store` (
  `str_id` SMALLINT NOT NULL,
  `str_name` VARCHAR(45) NOT NULL,
  `str_street` VARCHAR(20) NOT NULL,
  `str_city` VARCHAR(20) NOT NULL,
  `str_state` CHAR(2) NOT NULL,
  `str_zip` INT(9) NOT NULL,
  `str_phone` BIGINT NOT NULL,
  `str_email` VARCHAR(45) NOT NULL,
  `str_url` VARCHAR(45) NOT NULL,
  `str_ytd_sales` DECIMAL(10,2) NOT NULL,
  `str_note` VARCHAR(255) NULL,
  PRIMARY KEY (`str_id`))
ENGINE = InnoDB;

SHOW WARNINGS;

-- -----------------------------------------------------
-- Table `aas12d`.`pet`
-- -----------------------------------------------------
DROP TABLE IF EXISTS `aas12d`.`pet` ;

SHOW WARNINGS;
CREATE TABLE IF NOT EXISTS `aas12d`.`pet` (
  `pet_id` SMALLINT NOT NULL,
  `store_str_id` SMALLINT NOT NULL,
  `cus_id` SMALLINT NULL,
  `pet_type` VARCHAR(45) NOT NULL,
  `pet_sex` ENUM('m','f') NOT NULL,
  `pet_cost` DECIMAL(6,2) NOT NULL,
  `pet_price` DECIMAL(6,2) NOT NULL,
  `pet_age` TINYINT NOT NULL,
  `pet_color` VARCHAR(45) NOT NULL,
  `pet_sale_date` DATE NULL,
  `pet_vaccine` ENUM('y','n') NOT NULL,
  `pet_neuter` ENUM('y','n') NOT NULL,
  `pet_note` VARCHAR(255) NULL,
  PRIMARY KEY (`pet_id`),
  INDEX `fk_pet_customer_idx` (`cus_id` ASC),
  INDEX `fk_pet_store1_idx` (`store_str_id` ASC),
  CONSTRAINT `fk_pet_customer`
    FOREIGN KEY (`cus_id`)
    REFERENCES `aas12d`.`customer` (`cus_id`)
    ON DELETE NO ACTION
    ON UPDATE NO ACTION,
  CONSTRAINT `fk_pet_store1`
    FOREIGN KEY (`store_str_id`)
    REFERENCES `aas12d`.`store` (`str_id`)
    ON DELETE NO ACTION
    ON UPDATE NO ACTION)
ENGINE = InnoDB;

SHOW WARNINGS;

SET SQL_MODE=@OLD_SQL_MODE;
SET FOREIGN_KEY_CHECKS=@OLD_FOREIGN_KEY_CHECKS;
SET UNIQUE_CHECKS=@OLD_UNIQUE_CHECKS;

-- -----------------------------------------------------
-- Data for table `aas12d`.`customer`
-- -----------------------------------------------------
START TRANSACTION;
USE `aas12d`;
INSERT INTO `aas12d`.`customer` (`cus_id`, `cus_fname`, `cus_lname`, `cus_street`, `cus_city`, `cus_state`, `cus_zip`, `cus_phone`, `cus_email`, `cus_url`, `cus_balance`, `cus_total_sales`, `cus_note`) VALUES (6, 'frerfe', 'yhtrujd', '645 ftyj rtyh', 'iwuyergweiur', 'jy', 789459156, 1451783216, 'qtwtwt@ggg.ttt', 'tetetetet.rg', 9494.55, 7784.95, NULL);
INSERT INTO `aas12d`.`customer` (`cus_id`, `cus_fname`, `cus_lname`, `cus_street`, `cus_city`, `cus_state`, `cus_zip`, `cus_phone`, `cus_email`, `cus_url`, `cus_balance`, `cus_total_sales`, `cus_note`) VALUES (5, 'adsfwef', 'dfghettjw', '765 fgyjrt etyje', 'sthsyjstjs', 'yj', 321654987, 8154932657, 'yyyyyy@rrrr.llll', 'yhyhyhyh.rg', 2222.66, 9156.46, NULL);
INSERT INTO `aas12d`.`customer` (`cus_id`, `cus_fname`, `cus_lname`, `cus_street`, `cus_city`, `cus_state`, `cus_zip`, `cus_phone`, `cus_email`, `cus_url`, `cus_balance`, `cus_total_sales`, `cus_note`) VALUES (4, 'teyjyuk', 'etyjeytue', '838 dfyher erthe', 'stjstjstjrttgse', 'rt', 951847623, 7779911664, 'ppppeppp@oooolt.ddad', 'ujujujuju.re', 7748.22, 6161.25, NULL);
INSERT INTO `aas12d`.`customer` (`cus_id`, `cus_fname`, `cus_lname`, `cus_street`, `cus_city`, `cus_state`, `cus_zip`, `cus_phone`, `cus_email`, `cus_url`, `cus_balance`, `cus_total_sales`, `cus_note`) VALUES (3, 'luolutku', 'rthjrtuj', '878 tyutyu tyhty', 'aeprigharg', 'tr', 326159487, 3375449866, 'mlaorjno@ahaha.nope', 'eeeeeeeeee.tl', 8887.65, 7792.32, NULL);
INSERT INTO `aas12d`.`customer` (`cus_id`, `cus_fname`, `cus_lname`, `cus_street`, `cus_city`, `cus_state`, `cus_zip`, `cus_phone`, `cus_email`, `cus_url`, `cus_balance`, `cus_total_sales`, `cus_note`) VALUES (2, 'rthyugudyu', 'gserua', '123 rtherth eyreyrh', 'aerihyblvrae', 're', 551948726, 1111154788, 'asdfawe@argar.fgb', 'thththth.th', 9874.62, 2261.37, NULL);
INSERT INTO `aas12d`.`customer` (`cus_id`, `cus_fname`, `cus_lname`, `cus_street`, `cus_city`, `cus_state`, `cus_zip`, `cus_phone`, `cus_email`, `cus_url`, `cus_balance`, `cus_total_sales`, `cus_note`) VALUES (0, 'urtyhtrj', 'kjtuiysw', '424 dryjuey rutkj', 'oiuyertbov', 'er', 991546832, 3336412500, 'asegarg@aaerf.areg', 'adadadad.da', 3216.55, 6155.33, NULL);
INSERT INTO `aas12d`.`customer` (`cus_id`, `cus_fname`, `cus_lname`, `cus_street`, `cus_city`, `cus_state`, `cus_zip`, `cus_phone`, `cus_email`, `cus_url`, `cus_balance`, `cus_total_sales`, `cus_note`) VALUES (9, 'rtuyjrtu', 'dtyiee', '757 ytjty etyujey', 'oiunvfoaeyuivb', 'sa', 824657315, 9154872615, 'gatdhhyj@rth.tyj', 'fafasesd.com', 8491.33, 7894.55, NULL);
INSERT INTO `aas12d`.`customer` (`cus_id`, `cus_fname`, `cus_lname`, `cus_street`, `cus_city`, `cus_state`, `cus_zip`, `cus_phone`, `cus_email`, `cus_url`, `cus_balance`, `cus_total_sales`, `cus_note`) VALUES (8, 'rtyjrtkrtie', 'uyolyuol', '666 oododo nety', 'pueyrtqert', 'wq', 881154637, 1811518191, 'pppppp@rrr.222', 'rrrrrrrrrrrrr.tp', 7748.66, 5591.22, NULL);
INSERT INTO `aas12d`.`customer` (`cus_id`, `cus_fname`, `cus_lname`, `cus_street`, `cus_city`, `cus_state`, `cus_zip`, `cus_phone`, `cus_email`, `cus_url`, `cus_balance`, `cus_total_sales`, `cus_note`) VALUES (7, 'ertyertyert', 'tyhrtyr', '555 wwertet jtukjytu', 'oiuytvcovid', 'qw', 777145632, 3331625444, 'ehatdhf@tth.mmm', 'ffffffffffffffffff.pl', 1356.66, 8488.23, NULL);
INSERT INTO `aas12d`.`customer` (`cus_id`, `cus_fname`, `cus_lname`, `cus_street`, `cus_city`, `cus_state`, `cus_zip`, `cus_phone`, `cus_email`, `cus_url`, `cus_balance`, `cus_total_sales`, `cus_note`) VALUES (1, 'dfghtry', 'jrtjrhrt', '771 erywu jutjrhte', 'oihbeovuyser', 'as', 999999999, 9991645287, 'agawrgtppp@rrr.net', 'qgqgqgqg.li', 7777.88, 6155.22, NULL);

COMMIT;


-- -----------------------------------------------------
-- Data for table `aas12d`.`store`
-- -----------------------------------------------------
START TRANSACTION;
USE `aas12d`;
INSERT INTO `aas12d`.`store` (`str_id`, `str_name`, `str_street`, `str_city`, `str_state`, `str_zip`, `str_phone`, `str_email`, `str_url`, `str_ytd_sales`, `str_note`) VALUES (1, 'asdf', 'sdfbveb', 'uzxutfujfg', 'as', 012345678, 1324354657, 'qwer@ty.dfg', 'ewrgwethwrth.dtyuj', 77777777.00, NULL);
INSERT INTO `aas12d`.`store` (`str_id`, `str_name`, `str_street`, `str_city`, `str_state`, `str_zip`, `str_phone`, `str_email`, `str_url`, `str_ytd_sales`, `str_note`) VALUES (2, 'asdfg', 'sdfhndf', 'xftunjxt', 'qw', 102345678, 1234567890, 'asdf@gh.lrlr', 'atharthsr.teyj', 44444444.55, NULL);
INSERT INTO `aas12d`.`store` (`str_id`, `str_name`, `str_street`, `str_city`, `str_state`, `str_zip`, `str_phone`, `str_email`, `str_url`, `str_ytd_sales`, `str_note`) VALUES (3, 'asdfgh', 'kfyukghj', 'nsryjfghs', 'wq', 803456781, 0234567891, 'trewq@bgt.lop', 'srwtjrytj.rer', 33333333.34, NULL);
INSERT INTO `aas12d`.`store` (`str_id`, `str_name`, `str_street`, `str_city`, `str_state`, `str_zip`, `str_phone`, `str_email`, `str_url`, `str_ytd_sales`, `str_note`) VALUES (4, 'asdfghj', 'qwertt', 'sfghsnsrbc', 'sa', 142536478, 3456789012, 'tererete@rete.tgwer', 'liaseuyrgfa.asdfrg', 11111111.33, NULL);
INSERT INTO `aas12d`.`store` (`str_id`, `str_name`, `str_street`, `str_city`, `str_state`, `str_zip`, `str_phone`, `str_email`, `str_url`, `str_ytd_sales`, `str_note`) VALUES (5, 'qwer', 'aasdf', 'dfgsdfgs', 'zx', 123456789, 3142536475, 'asfqwewfq@asdfg.rtg', 'pkjasd.asdf', 13243546.00, NULL);
INSERT INTO `aas12d`.`store` (`str_id`, `str_name`, `str_street`, `str_city`, `str_state`, `str_zip`, `str_phone`, `str_email`, `str_url`, `str_ytd_sales`, `str_note`) VALUES (6, 'qwert', 'zzxcv', 'wertwedf', 'xz', 234567890, 3535553333, 'lohiteg@aser.wet', 'plwoeigh.erf', 31425364.66, NULL);
INSERT INTO `aas12d`.`store` (`str_id`, `str_name`, `str_street`, `str_city`, `str_state`, `str_zip`, `str_phone`, `str_email`, `str_url`, `str_ytd_sales`, `str_note`) VALUES (7, 'qwerty', 'ttrewq', 'gsdfswg', 'da', 345678901, 6663335543, 'qwrfqwrg@ourg.erg', 'oiuyberfre.erg', 13243546.10, NULL);
INSERT INTO `aas12d`.`store` (`str_id`, `str_name`, `str_street`, `str_city`, `str_state`, `str_zip`, `str_phone`, `str_email`, `str_url`, `str_ytd_sales`, `str_note`) VALUES (8, 'qwetry', 'ssdfg', 'sdfvre', 'ad', 456789012, 0000000002, 'kiyuerfwer@erwg.werg', 'plmoknijb.erg', 13243546.01, NULL);
INSERT INTO `aas12d`.`store` (`str_id`, `str_name`, `str_street`, `str_city`, `str_state`, `str_zip`, `str_phone`, `str_email`, `str_url`, `str_ytd_sales`, `str_note`) VALUES (9, 'qwertyu', 'bbvcx', 'vrsdfhg', 'eq', 567890123, 3535353424, 'liuysegrgf@oij.ouih', 'pkhpkhpkh.aerg', 31423213.22, NULL);
INSERT INTO `aas12d`.`store` (`str_id`, `str_name`, `str_street`, `str_city`, `str_state`, `str_zip`, `str_phone`, `str_email`, `str_url`, `str_ytd_sales`, `str_note`) VALUES (0, 'zxcvb', 'ggfdsgd', 'sdfgwfv', 'qe', 678901234, 2626262626, 'arefiuyg@ergerg.com', 'qwefwgregvt.got', 29922881.33, NULL);

COMMIT;


-- -----------------------------------------------------
-- Data for table `aas12d`.`pet`
-- -----------------------------------------------------
START TRANSACTION;
USE `aas12d`;
INSERT INTO `aas12d`.`pet` (`pet_id`, `store_str_id`, `cus_id`, `pet_type`, `pet_sex`, `pet_cost`, `pet_price`, `pet_age`, `pet_color`, `pet_sale_date`, `pet_vaccine`, `pet_neuter`, `pet_note`) VALUES (2, 7, 5, 'qwer', 'f', 1324.55, 5344.88, 3, 'frfr', '1999/12/12', 'y', 'y', NULL);
INSERT INTO `aas12d`.`pet` (`pet_id`, `store_str_id`, `cus_id`, `pet_type`, `pet_sex`, `pet_cost`, `pet_price`, `pet_age`, `pet_color`, `pet_sale_date`, `pet_vaccine`, `pet_neuter`, `pet_note`) VALUES (3, 8, 3, 'asdf', 'm', 2222.33, 6574.86, 10, 'yhyh', '2001/12/12', 'y', 'y', NULL);
INSERT INTO `aas12d`.`pet` (`pet_id`, `store_str_id`, `cus_id`, `pet_type`, `pet_sex`, `pet_cost`, `pet_price`, `pet_age`, `pet_color`, `pet_sale_date`, `pet_vaccine`, `pet_neuter`, `pet_note`) VALUES (4, 9, NULL, 'zxcv', 'f', 3333.44, 0798.01, 14, 'rtyuj', NULL, 'y', 'y', NULL);
INSERT INTO `aas12d`.`pet` (`pet_id`, `store_str_id`, `cus_id`, `pet_type`, `pet_sex`, `pet_cost`, `pet_price`, `pet_age`, `pet_color`, `pet_sale_date`, `pet_vaccine`, `pet_neuter`, `pet_note`) VALUES (1, 0, 9, 'vcxz', 'm', 4444.44, 1423.11, 9, 'qerg', '1003/12/12', 'y', 'y', NULL);
INSERT INTO `aas12d`.`pet` (`pet_id`, `store_str_id`, `cus_id`, `pet_type`, `pet_sex`, `pet_cost`, `pet_price`, `pet_age`, `pet_color`, `pet_sale_date`, `pet_vaccine`, `pet_neuter`, `pet_note`) VALUES (7, 1, NULL, 'fdas', 'f', 5555.45, 4531.76, 1, 'tuil', NULL, 'y', 'y', NULL);
INSERT INTO `aas12d`.`pet` (`pet_id`, `store_str_id`, `cus_id`, `pet_type`, `pet_sex`, `pet_cost`, `pet_price`, `pet_age`, `pet_color`, `pet_sale_date`, `pet_vaccine`, `pet_neuter`, `pet_note`) VALUES (9, 2, 8, 'rewq', 'm', 6666.66, 6453.88, 8, 'bgwr', '2004/12/12', 'y', 'y', NULL);
INSERT INTO `aas12d`.`pet` (`pet_id`, `store_str_id`, `cus_id`, `pet_type`, `pet_sex`, `pet_cost`, `pet_price`, `pet_age`, `pet_color`, `pet_sale_date`, `pet_vaccine`, `pet_neuter`, `pet_note`) VALUES (8, 3, 6, 'tretqwe', 'f', 1234.54, 2456.77, 7, 'srtbsr', '2003/12/12', 'y', 'y', NULL);
INSERT INTO `aas12d`.`pet` (`pet_id`, `store_str_id`, `cus_id`, `pet_type`, `pet_sex`, `pet_cost`, `pet_price`, `pet_age`, `pet_color`, `pet_sale_date`, `pet_vaccine`, `pet_neuter`, `pet_note`) VALUES (0, 4, 4, 'grgrgrg', 'm', 5341.34, 4435.78, 5, 'srthsrtjrg', '2002/12/12', 'n', 'y', NULL);
INSERT INTO `aas12d`.`pet` (`pet_id`, `store_str_id`, `cus_id`, `pet_type`, `pet_sex`, `pet_cost`, `pet_price`, `pet_age`, `pet_color`, `pet_sale_date`, `pet_vaccine`, `pet_neuter`, `pet_note`) VALUES (6, 5, 2, 'fefefefe', 'f', 5522.35, 9999.11, 4, 'srthsrt', '2005/12/12', 'n', 'y', NULL);
INSERT INTO `aas12d`.`pet` (`pet_id`, `store_str_id`, `cus_id`, `pet_type`, `pet_sex`, `pet_cost`, `pet_price`, `pet_age`, `pet_color`, `pet_sale_date`, `pet_vaccine`, `pet_neuter`, `pet_note`) VALUES (5, 6, 7, 'qwefqw', 'm', 6613.42, 4411.66, 6, 'srthsz', '2006/12/12', 'n', 'y', NULL);

COMMIT;

